<application>
  <component name="GeneralSettings">
    <option name="reopenLastProject" value="false" />
  </component>
  <component name="Registry">
    <entry key="ide.win.frame.decoration" value="true" />
    <entry key="vcs.log.show.diff.preview.as.editor.tab" value="true" />
    <entry key="ide.borderless.title.product" value="false" />
    <entry key="ide.tree.expand.navigatable.on.double.click.disabled" value="true" />
    <entry key="show.log.as.editor.tab" value="false" />
    <entry key="ide.borderless.title.version" value="false" />
    <entry key="ide.svg.icon" value="true" />
    <entry key="show.diff.preview.as.editor.tab" value="true" />
    <entry key="rider.enable.designer.winForms" value="true" />
    <entry key="ide.experimental.ui" value="false" />
    <entry key="debugger.new.tool.window.layout" value="true" />
  </component>
</application>