<application>
  <component name="NodeJsLocalInterpreterManager">
    <local-interpreter path="/usr/local/bin/node" />
    <local-interpreter path="/usr/local/Cellar/node/17.0.1/bin/node" />
    <local-interpreter path="$USER_HOME$/.nvm/versions/node/v16.9.1/bin/node" />
    <local-interpreter path="$USER_HOME$/.nvm/versions/node/v14.17.6/bin/node" />
    <local-interpreter path="$USER_HOME$/.nvm/versions/node/v14.17.3/bin/node" />
    <local-interpreter path="$USER_HOME$/.nvm/versions/node/v14.15.5/bin/node" />
    <local-interpreter path="$USER_HOME$/.nvm/versions/node/v12.20.2/bin/node" />
    <local-interpreter path="$USER_HOME$/.nvm/versions/node/v11.15.0/bin/node" />
  </component>
</application>